id,name,kreis,year
zs_1b17fec0a312,Beispielweg,4,1936
zs_56c8aef60b2b,Beispielweg,4,1929
zs_af5241bace31,Testplatz,8,1937
zs_26b5c0c5bfb1,Testplatz,7,1926
zs_38d24a491cbe,Beispielweg,8,1918
zs_f976b9e726a5,Probegasse,12,1877
zs_047acc395d5c,Probegasse,7,1931
zs_50dbc7dafe5e,Testplatz,10,1934
zs_43a1d881e527,Musterstrasse,3,1917
zs_429d2689c5f7,Platzhaltersteig,6,1994
zs_24ebd9c8cb7b,Probegasse,3,1963
zs_acab65aafda6,Beispielweg,1,1969
zs_248c2987d52a,Musterstrasse,9,1960
zs_03ba77e03097,Probegasse,11,2000
zs_1ac8a7fc90e9,Platzhaltersteig,5,2006
zs_35cd8c5f14eb,Beispielweg,10,2013
zs_2d26fa932faf,Beispielweg,2,1983
zs_4b0e667569dc,Probegasse,9,1876
zs_6f13f4fe6640,Probegasse,7,1851
zs_66b3a7da0136,Platzhaltersteig,2,2013
zs_5aad019d78c3,Musterstrasse,9,1876
zs_2dd0825f0f69,Beispielweg,5,1993
zs_4e8549f8c476,Platzhaltersteig,10,1925
zs_4204e7f0900a,Testplatz,4,1982
zs_db0c029b5453,Probegasse,6,1948
zs_357b69838854,Testplatz,9,1898
zs_3b286b011e6e,Musterstrasse,3,1946
zs_e875948e1ed3,Probegasse,1,1960
zs_4655fa3ae85b,Probegasse,9,1917
zs_beb9fd4b9125,Musterstrasse,4,1966
zs_ddcbed9d438d,Platzhaltersteig,12,1979
zs_6ae65a35cb4f,Probegasse,1,1986
zs_e1de9329fbc0,Platzhaltersteig,5,1956
zs_80b6ee37b0d2,Platzhaltersteig,7,1911
zs_e8dde0728c4a,Probegasse,8,1852
zs_9dd622a3eb2f,Platzhaltersteig,4,1988
zs_26032eab0f3d,Testplatz,9,1942
zs_8f6b18a6e4b1,Probegasse,2,2006
zs_716e75580a69,Platzhaltersteig,6,1881
zs_d2abe536b438,Platzhaltersteig,3,1866
zs_2d4dd8a5e94f,Testplatz,3,1974
zs_9d9887b43750,Platzhaltersteig,10,1994
zs_5835d4a4a8ae,Testplatz,6,1850
zs_f161be856d03,Platzhaltersteig,3,1893
zs_d5a9f6539ffd,Beispielweg,2,1922
zs_7c4a06d74d5a,Probegasse,8,1862
zs_19f72bc851b3,Musterstrasse,1,1937
zs_78155b0a23a8,Beispielweg,2,1879
zs_57ec0c1ba03c,Testplatz,4,1870
zs_c555947ab402,Platzhaltersteig,1,1875
zs_d91d72ade0ca,Testplatz,8,1984
zs_8b711599fa9f,Beispielweg,7,1999
zs_027b0508d7f2,Beispielweg,3,2006
zs_bff8e90587df,Platzhaltersteig,11,2017
zs_594caae94259,Platzhaltersteig,1,1933
zs_dcd8fd2fa6f7,Beispielweg,2,1968
zs_4cb212ba2a75,Musterstrasse,6,1897
zs_b6cf770517d9,Testplatz,12,1902
zs_55cfa759836d,Platzhaltersteig,7,2006
zs_47238da5f7ea,Musterstrasse,10,1971
zs_0e4fa9a3aa0a,Musterstrasse,11,1945
zs_34e6ac69b116,Musterstrasse,7,1894
zs_ee42574c9f03,Testplatz,8,1971
zs_2b970bc712a6,Beispielweg,8,1876
zs_95f99022301e,Probegasse,7,1988
zs_bd41afed8eac,Platzhaltersteig,1,1862
zs_79ff4795992f,Beispielweg,5,1923
zs_3adb95d8edd6,Testplatz,7,1916
zs_1983949a138c,Beispielweg,5,1973
zs_4e1bf415cfc0,Musterstrasse,11,1940
zs_dd6523413fd8,Musterstrasse,3,1852
zs_1279a7bdab5f,Probegasse,1,1945
zs_e6510433d714,Probegasse,12,1913
zs_9a9527e085f9,Probegasse,1,1893
zs_e43faa4890e7,Testplatz,12,1979
zs_0d4f2dd7eaaf,Beispielweg,5,1879
zs_de5397ec13f7,Platzhaltersteig,6,2012
zs_5edf47dcdb0f,Probegasse,10,1958
zs_8cc9098b29cd,Platzhaltersteig,12,1954
zs_86af199cea5e,Platzhaltersteig,9,1990
zs_f2f12ffa6a0c,Platzhaltersteig,4,2005
zs_f28ed2b2f317,Probegasse,11,1976
zs_20b7bb20751e,Platzhaltersteig,1,1920
zs_2347e6dffe3c,Musterstrasse,6,1853
zs_42cf473c2d0a,Beispielweg,4,1943
zs_44b26d430c1e,Beispielweg,11,2001
zs_009373bf5522,Testplatz,3,1936
zs_6010992a4d8c,Platzhaltersteig,7,1879
zs_0cdaefb9635d,Probegasse,6,1992
zs_f4db0ecea753,Platzhaltersteig,5,1860
zs_97e69212fe3b,Musterstrasse,6,1898
zs_37dc3eed2665,Beispielweg,2,1864
zs_ad4e53bf0836,Platzhaltersteig,7,1920
zs_76eef4d4e2a1,Probegasse,6,1905
zs_9f8ec00e3c2f,Testplatz,4,1964
zs_dc8dbbd5eb2a,Musterstrasse,5,1872
zs_65896eda9cbf,Testplatz,5,1966
zs_3e5195915e9f,Platzhaltersteig,11,2019
zs_83c80cefff1f,Testplatz,6,1867
zs_c69c9c410480,Musterstrasse,5,1886
zs_96eca615907f,Probegasse,2,1862
zs_f5fc1c5d57e1,Beispielweg,2,1992
zs_6f9398bf103f,Platzhaltersteig,2,1976
zs_08118d1ed880,Platzhaltersteig,3,1883
zs_2e2937879fd8,Musterstrasse,3,1922
zs_e971ae8c28ca,Probegasse,4,1896
zs_cd28f6f651ef,Probegasse,9,1909
zs_ccaa41566802,Testplatz,12,1881
zs_9d0c110068f9,Testplatz,7,1991
zs_03e25fd9d538,Testplatz,5,1915
zs_5b6d08c29765,Probegasse,12,1890
zs_9e1368496c5a,Platzhaltersteig,11,1893
zs_f656f978e0fe,Testplatz,10,1987
zs_15440c99956c,Platzhaltersteig,2,2005
zs_6cac9d759946,Musterstrasse,11,1931
zs_640b6e75a62c,Beispielweg,4,1934
zs_ffe17e9f571e,Platzhaltersteig,5,1915
zs_4e2d17a14625,Musterstrasse,9,1913
zs_49aeebf722c0,Platzhaltersteig,10,1880
zs_73c432ff9e56,Platzhaltersteig,3,1933
zs_c33c58d6d929,Probegasse,7,2004
zs_1d18f3ef21fc,Musterstrasse,10,1904
zs_af7662c5080b,Musterstrasse,5,1885
zs_28dbc3d0f747,Beispielweg,5,1941
zs_18d03cd0befc,Beispielweg,7,1902
zs_418465f5c446,Testplatz,12,1861
zs_595db7e1e2e7,Platzhaltersteig,11,2001
zs_f535a5ee0498,Beispielweg,10,2019
zs_ad791956cfa3,Testplatz,12,1899
zs_7bc1dceed693,Beispielweg,9,1874
zs_1c3e6737cb11,Probegasse,9,1964
zs_bb9acea4c555,Beispielweg,7,1961
zs_c391edef48da,Musterstrasse,8,1962
zs_1dd75531fce7,Testplatz,2,1931
zs_fc5a0235051a,Musterstrasse,5,1866
zs_b02fcca9fd84,Platzhaltersteig,8,1956
zs_93b7cc5faa6d,Probegasse,1,1886
zs_c9518ec8178f,Probegasse,6,1986
zs_fbb4669f5ba5,Beispielweg,9,1913
zs_55869d4bd7b2,Beispielweg,2,1982
zs_7063a97340e3,Musterstrasse,5,1918
zs_b01c8a347516,Testplatz,12,1948
zs_9bf914a8581d,Testplatz,2,1967
zs_7659cafd372f,Probegasse,3,1929
zs_c3a310cfe192,Testplatz,3,1862
zs_e8c88c9f31dc,Platzhaltersteig,1,1982
zs_1a6a5522f0cb,Testplatz,2,1922
zs_7849e66ae222,Probegasse,7,2016
zs_5e2595466edb,Musterstrasse,5,1902
zs_164e87757541,Testplatz,6,2013
zs_4c15e9b225fd,Platzhaltersteig,6,1973
zs_e93aa228e616,Testplatz,8,1953
zs_2382188f8a5a,Musterstrasse,5,2007
zs_a133edd25ec5,Testplatz,2,1948
zs_6ec94aebcecb,Testplatz,3,1892
zs_c39e45620062,Platzhaltersteig,9,1916
zs_e1717e32a7fe,Probegasse,2,1924
zs_e2c0bc3f9643,Beispielweg,5,1852
zs_c8a10afd6c37,Beispielweg,9,1933
zs_1b8ea3550a6b,Musterstrasse,9,1994
zs_3198af4d8df6,Probegasse,4,2018
zs_d0e37b8f3bf7,Beispielweg,7,1916
zs_2f73e19e043d,Beispielweg,5,1901
zs_a7e5a6bb080a,Testplatz,1,1959
zs_c6913eb770db,Beispielweg,10,1922
zs_b45e69cf1425,Probegasse,12,1941
zs_a35fd5524234,Testplatz,5,1972
zs_33b19a0fb2b3,Beispielweg,8,1948
zs_8cbb4c6d76e9,Beispielweg,6,1935
zs_8f699cf76479,Probegasse,8,1860
zs_18e91b3f3710,Beispielweg,4,1867
zs_49d96762d58d,Testplatz,4,2011
zs_652c1ec4a787,Beispielweg,2,2000
zs_93cc1a8ae57b,Musterstrasse,10,1949
zs_a7fc4623963d,Probegasse,7,1996
zs_783518dbfe35,Beispielweg,1,1908
zs_b9ca443d3161,Testplatz,5,1871
zs_48acc574eb44,Testplatz,10,1967
zs_cd0b7f0950bd,Beispielweg,1,1901
zs_e44773ab7280,Platzhaltersteig,4,1947
zs_8259156e5ad2,Beispielweg,1,1927
zs_4445357ef747,Platzhaltersteig,6,1961
zs_e8742783acbc,Musterstrasse,3,1981
zs_a6a8126cf916,Beispielweg,7,1850
zs_e7e6cee77693,Beispielweg,3,2006
zs_a010a7cf852d,Musterstrasse,10,1851
zs_7b272209b366,Beispielweg,8,1991
zs_3d82b75ec05c,Platzhaltersteig,7,2008
zs_f7743d6fae7f,Platzhaltersteig,6,1927
zs_10389cc56758,Musterstrasse,5,1971
zs_d44ecdf8d85e,Platzhaltersteig,10,1907
zs_8ec995883d99,Platzhaltersteig,11,1981
zs_6e56214a5578,Musterstrasse,9,1873
zs_cc621806d0e4,Beispielweg,12,1917
zs_985abd8904fb,Platzhaltersteig,4,1990
zs_693912d1e760,Testplatz,12,1889
zs_1a2fad45ec62,Probegasse,3,1924
zs_2e5d3a8c1795,Beispielweg,12,1957
zs_700f214c6f46,Testplatz,2,1896
zs_fa082cd6937d,Musterstrasse,11,1923
zs_17ea84f97323,Beispielweg,6,1985
zs_33959742bbaa,Beispielweg,5,1974
zs_6e1ab1b53897,Beispielweg,11,1931
zs_e8ac6680d2cb,Probegasse,2,2018
zs_ee443431e1fc,Platzhaltersteig,8,1994
zs_087cb2966d82,Platzhaltersteig,4,1960
zs_e639b4dcb496,Testplatz,4,1883
zs_ed374a59d323,Musterstrasse,3,2010
zs_9d5e2227c5fb,Platzhaltersteig,1,1855
zs_5fd7e65f895b,Platzhaltersteig,4,1864
zs_fd30005331d4,Musterstrasse,4,1898
zs_b197f2a5f35b,Testplatz,12,1867
zs_391702aa4754,Musterstrasse,7,2013
zs_9e72a8ac3ecb,Beispielweg,5,1930
zs_01f0bacd0e5a,Beispielweg,3,1939
zs_52cc24621d40,Musterstrasse,3,1867
zs_5cd73cb4b31a,Probegasse,4,1948
zs_08cc25c3c9ab,Probegasse,3,1969
zs_ec35199cd273,Platzhaltersteig,1,1986
zs_22e4babbe7ed,Platzhaltersteig,10,1962
zs_1fd0be00c209,Musterstrasse,10,1879
zs_1bec94c950f3,Probegasse,7,1948
zs_dfc778ca6efc,Platzhaltersteig,11,1978
zs_45ad892a6490,Testplatz,6,1878
zs_e21242a2a29a,Musterstrasse,1,1965
zs_e95ef6498182,Testplatz,8,1891
zs_c26e5fbe959a,Musterstrasse,2,1987
zs_c75d89a36325,Platzhaltersteig,3,2008
zs_e2ce8344d01b,Beispielweg,1,1957
zs_20b005ae3d6d,Probegasse,12,2017
zs_b44321bf1194,Musterstrasse,10,1852
zs_113dc273803e,Probegasse,5,1986
zs_66f410f5f8ac,Platzhaltersteig,4,2001
zs_835b1518a671,Platzhaltersteig,2,1941
zs_d5287b67407e,Platzhaltersteig,4,1918
zs_a6ed53f86966,Musterstrasse,12,1934
zs_ea456945c546,Testplatz,9,1882
zs_e924f756416e,Platzhaltersteig,12,1872
zs_c57669a8daa5,Platzhaltersteig,4,1969
zs_bdae9581870b,Testplatz,1,1964
zs_cffcb5172855,Testplatz,3,1879
zs_95fd362998e4,Testplatz,11,1983
zs_d99f238cb1ed,Musterstrasse,4,1912
zs_4a32d8668cbd,Platzhaltersteig,12,1993
zs_195769c9544f,Beispielweg,3,1918
zs_794343c3710a,Testplatz,2,1982
zs_e17b82b473fd,Platzhaltersteig,3,1942
zs_cf517c351d85,Probegasse,9,1864
zs_41b2671f0cde,Musterstrasse,11,1939
zs_9a11410c105d,Platzhaltersteig,2,1908
zs_ac1219427802,Probegasse,3,2012
zs_6f031228ac1c,Beispielweg,12,1864
zs_1e9983a179a6,Musterstrasse,5,1964
zs_e2fbe8e47142,Platzhaltersteig,8,1943
zs_45b46263486f,Platzhaltersteig,2,1927
zs_29ce557567a4,Testplatz,2,1955
zs_d3389c7ed0e2,Probegasse,9,1952
zs_f230d566ff04,Musterstrasse,1,1977
zs_616dfa094991,Platzhaltersteig,1,1974
zs_6e2b4f484bf4,Beispielweg,3,1906
zs_e67b4e1290c5,Testplatz,8,1946
zs_9d04767c1ed0,Musterstrasse,3,1884
zs_9794f2b50af7,Musterstrasse,7,1954
zs_a2d3ce7b95f6,Probegasse,2,1958
zs_9dc125300d66,Beispielweg,3,1883
zs_34c1f3e8fcd9,Probegasse,1,1875
zs_27002d3b48a1,Musterstrasse,3,1877
zs_fc01a4b6abaf,Testplatz,3,1994
zs_3bb5ea7bb868,Musterstrasse,4,1853
zs_86f7243f11db,Probegasse,2,1902
zs_02b4426b0591,Probegasse,2,1884
zs_5d55d0a58b3f,Testplatz,11,1945
zs_ff08e090ad5e,Beispielweg,5,1934
zs_466dd2099187,Musterstrasse,6,1955
zs_186e9e96f811,Testplatz,3,1898
zs_63697e70dc1f,Platzhaltersteig,8,1974
zs_be73aafe6b72,Musterstrasse,5,1914
zs_a9a0b0d87fbb,Beispielweg,11,1989
zs_5668d419d9dc,Musterstrasse,9,1935
zs_f6b16e6d2bd9,Probegasse,10,1933
zs_dc7f85b4d5bb,Platzhaltersteig,4,2017
zs_55843112da26,Platzhaltersteig,8,2016
zs_a5f32cfe4921,Beispielweg,1,1963
zs_4944f0edc505,Testplatz,4,1867
zs_4d1b89d29b31,Probegasse,3,1954
zs_c125923e9c3f,Probegasse,2,1974
zs_c38493b4a047,Beispielweg,7,1933
zs_d16a63311c8f,Testplatz,11,1949
zs_563240154765,Beispielweg,9,1953
zs_b3f7443f1aa9,Platzhaltersteig,3,1989
zs_c1e1a40cda30,Platzhaltersteig,11,1858
zs_a1414078f18a,Testplatz,8,2017
zs_51c131ed6a9a,Testplatz,2,1878
zs_ee77a90e4367,Testplatz,10,1919
zs_94474a687842,Testplatz,5,1978
zs_7b9095dcc9fe,Beispielweg,12,1923
zs_156fc476c83e,Testplatz,11,1906
zs_8d3407dcc39b,Platzhaltersteig,11,1858
zs_f7ed52a6a5a0,Platzhaltersteig,4,2007
zs_cf9e75b27dd5,Musterstrasse,4,1944
zs_1a9a73266cdb,Probegasse,3,1998
zs_7c7972d289a0,Testplatz,4,1971
zs_85009d003eb5,Platzhaltersteig,12,1863
zs_52802a4c5a6e,Musterstrasse,10,1862
zs_baab887c2ba9,Testplatz,12,1871
zs_6b789cdad4e2,Probegasse,12,1991
zs_5b609bce2aec,Probegasse,11,1860
zs_812f847ebcbe,Testplatz,6,2004
zs_f7c4515cfc25,Testplatz,11,1956
zs_1ded012a6d37,Beispielweg,4,2008
zs_fcf1f268176f,Musterstrasse,8,1893
zs_b615bf3ce823,Platzhaltersteig,9,1990
zs_80262a76fcf3,Beispielweg,3,1919
zs_a853f6571c7f,Probegasse,9,1914
zs_dec55272dd33,Platzhaltersteig,8,1983
zs_23d86d1177ea,Testplatz,1,1909
zs_d1fe73374436,Beispielweg,4,1876
zs_6130829c430f,Probegasse,5,2004
zs_fcdb0a572687,Beispielweg,6,1932
zs_0cfc12ba7cfd,Testplatz,6,1911
zs_622e25e37d6f,Beispielweg,8,1851
zs_9dd80d8df081,Beispielweg,11,1882
zs_22299ef1f051,Platzhaltersteig,10,2017
zs_4081218c1c9c,Musterstrasse,3,1956
zs_14912fe5fdd3,Platzhaltersteig,4,2000
zs_e02352345a03,Probegasse,8,1879
zs_1cb5171a3c5b,Probegasse,10,1914
zs_f5ff91bc58ad,Testplatz,10,1945
zs_a725503dd4e7,Musterstrasse,7,2007
zs_044980186503,Beispielweg,1,1879
zs_0f111c283c9a,Testplatz,8,1898
zs_2136b62f81dc,Testplatz,8,1926
zs_a6a268916d08,Platzhaltersteig,8,1916
zs_3bcfeaf67091,Platzhaltersteig,2,2013
zs_4d6d7eeeb49e,Platzhaltersteig,1,1949
zs_fd2d74c5776f,Platzhaltersteig,11,1953
zs_b07107f456cb,Beispielweg,8,1930
zs_426370228974,Platzhaltersteig,4,2000
zs_63fc5d2b80b3,Testplatz,11,1962
zs_ce20b710d005,Platzhaltersteig,9,1928
zs_48584f7e30e9,Musterstrasse,5,1996
zs_8d805afde6db,Musterstrasse,3,1915
zs_5596fc15312b,Testplatz,9,1991
zs_8672558bb2f7,Beispielweg,11,1862
zs_f23a298fd16e,Platzhaltersteig,5,1926
zs_3bdbe54210ba,Platzhaltersteig,1,1958
zs_ab5cb22454e0,Probegasse,4,1894
zs_a76049cfed26,Probegasse,3,1954
zs_ff47f727da9e,Probegasse,11,1881
zs_c21a78e32a34,Beispielweg,10,1904
zs_dcc1a1ee7a2c,Platzhaltersteig,8,1993
zs_a23a13f8d414,Probegasse,8,1983
zs_15dac23ac880,Platzhaltersteig,9,1912
zs_7b7c233f6d78,Musterstrasse,3,1928
zs_6bb20e745059,Platzhaltersteig,9,1967
zs_d3ea2a3b3e6e,Musterstrasse,7,1888
zs_2fa8c53dd02d,Platzhaltersteig,1,1861
zs_ff6bbe38b406,Testplatz,8,1898
zs_8bcb4cefb767,Platzhaltersteig,6,1856
zs_2f3ab3ff1818,Testplatz,3,1967
zs_f7a2ef9bca33,Probegasse,7,1924
zs_bef24dff4d0b,Musterstrasse,11,1896
zs_81be4e6260e2,Platzhaltersteig,7,1916
zs_3cc6ade87137,Testplatz,11,1976
zs_2a43f09b3c6c,Testplatz,11,2010
zs_0f401f5b88cb,Probegasse,12,1866
zs_aaed50ea5d03,Musterstrasse,4,1972
zs_310734147fc5,Testplatz,9,1862
zs_325bac969c4e,Platzhaltersteig,8,1965
zs_49f2a8d5742e,Musterstrasse,7,1969
zs_05ac6e98688b,Probegasse,4,1978
zs_2651dc82e4c1,Musterstrasse,1,1977
zs_37593739d52a,Beispielweg,6,1996
zs_12aead24767e,Beispielweg,4,1864
zs_57575ddc9240,Platzhaltersteig,4,1900
zs_fcbacdd5b970,Beispielweg,1,1994
zs_1f7dd4903176,Platzhaltersteig,2,1923
zs_020deaf8c59d,Beispielweg,2,1910
zs_02f93287a06f,Musterstrasse,5,1997
zs_a2014f9a7c86,Testplatz,6,1964
zs_6a89dfd80101,Probegasse,10,1914
zs_c1aa604ff43e,Beispielweg,11,2013
zs_f4418de6c3af,Testplatz,4,1914
zs_a399c03151af,Platzhaltersteig,11,2001
zs_78de02f5414f,Testplatz,10,1875
zs_72dd832fa3d6,Musterstrasse,4,1931
zs_303e311cb593,Probegasse,5,1917
zs_8fdabe01ebae,Testplatz,5,1968
zs_62a1d199ec3f,Probegasse,1,1974
zs_e99fcf8c69ba,Testplatz,5,1995
zs_d440d36b855c,Beispielweg,12,1918
zs_14b5e3c78696,Platzhaltersteig,2,1943
zs_c9228f0ad18c,Musterstrasse,1,1857
zs_c0a0dc567f4c,Probegasse,7,1936
zs_8cc0195a36b9,Probegasse,12,1896
zs_5cf6d0e48e9e,Platzhaltersteig,6,1909
zs_8a6609bb836a,Musterstrasse,12,1985
zs_5734f1b6883c,Probegasse,8,1875
zs_0262c6892468,Probegasse,2,1993
zs_b97336336882,Testplatz,3,1923
zs_fa86c50af62a,Probegasse,10,1878
zs_672f300da7a4,Musterstrasse,1,1941
zs_61839f87e0de,Musterstrasse,11,1997
zs_182445b7f7b8,Beispielweg,7,1965
zs_97a5e002a8bd,Musterstrasse,7,1950
zs_a7d74f2fcb67,Platzhaltersteig,7,1970
zs_1798ca3cf994,Platzhaltersteig,1,1927
zs_b97382eef2f2,Beispielweg,8,1962
zs_ae94f51b8e6c,Platzhaltersteig,2,1942
zs_d8f516509dc4,Musterstrasse,8,1961
zs_aad11bf4f492,Testplatz,10,1902
zs_703fd59cd8fd,Platzhaltersteig,9,1892
zs_3c3429e5a154,Beispielweg,12,1868
zs_a3d859f9443b,Testplatz,8,1975
zs_f915b8426a8c,Probegasse,2,1891
zs_caecf0b31e10,Testplatz,12,1992
zs_826fc7d18c56,Probegasse,11,1950
zs_e864f15c2aac,Musterstrasse,11,1996
zs_0b90cfcbfb0c,Testplatz,5,2008
zs_ed5683e63da9,Probegasse,7,1974
zs_59d5776b5731,Beispielweg,6,1914
zs_76d37f3e0a61,Testplatz,9,1866
zs_4d4dc78619a2,Probegasse,10,1982
zs_03646db9ff7a,Musterstrasse,12,2000
zs_f96b2a7bc6b8,Platzhaltersteig,6,1974
zs_0e33f5dbaf94,Platzhaltersteig,3,1969
zs_8ac46262aebe,Platzhaltersteig,7,1881
zs_8c59ee8cfef4,Beispielweg,4,1862
zs_8cefcb79dd23,Probegasse,8,1926
zs_04b4c37017eb,Platzhaltersteig,12,1983
zs_204391195d3f,Beispielweg,9,2015
zs_4c888d3c9961,Probegasse,10,1946
zs_efed48deb1de,Testplatz,2,1883
zs_4a9f5355d1ab,Testplatz,1,1852
zs_cc84ce5b1ed4,Probegasse,6,2017
zs_cf6849ee729a,Platzhaltersteig,12,1992
zs_e6ad41579c50,Testplatz,6,1875
zs_523012e6982c,Musterstrasse,2,1947
zs_09f1a1806544,Beispielweg,10,1957
zs_dc367fa5f248,Probegasse,6,1938
zs_0050f60a88cb,Probegasse,5,1951
zs_dcb428bed959,Musterstrasse,8,1865
zs_ca2aa45fc9ba,Musterstrasse,6,1987
zs_ede5f50f2cca,Beispielweg,8,1950
zs_f40468b985f4,Beispielweg,1,1968
zs_3d7679bfa6d4,Platzhaltersteig,5,1893
zs_ee70b19bc032,Probegasse,2,1960
zs_adb68167a032,Musterstrasse,6,1975
zs_03c346619ac4,Probegasse,9,2015
zs_3725f399463f,Probegasse,1,1945
zs_0a0fb5f1df2f,Testplatz,4,1858
zs_0dec079414a8,Testplatz,8,1932
zs_c5b6d29fc1cb,Beispielweg,6,1985
zs_88fc23eaffef,Beispielweg,8,1888
zs_2f25d0e6d14e,Testplatz,6,1931
zs_4ecf47d783af,Musterstrasse,3,1873
zs_fe4ae4a2b12a,Musterstrasse,9,1922
zs_f9d1ea80e981,Probegasse,12,1972
zs_ee74f51f3081,Testplatz,9,1890
zs_ea61e83aac9b,Probegasse,3,1900
zs_1c3319091710,Platzhaltersteig,12,1982
zs_db70e133062d,Musterstrasse,2,1886
zs_a987d85fe318,Platzhaltersteig,10,1852
zs_82bf7ff6dc6c,Beispielweg,8,1925
zs_cbf4eceaa2b3,Beispielweg,11,1854
zs_22ca93e0ea61,Platzhaltersteig,8,2018
zs_6fcc7924e452,Beispielweg,2,1886
zs_19b11e6bb9d3,Musterstrasse,8,1997
zs_ae6f1061a686,Probegasse,10,1852
zs_68b079a47288,Testplatz,6,1870
zs_332327793251,Probegasse,6,1953
zs_93b8ad9f53d2,Platzhaltersteig,8,1998
zs_dd32b81dea15,Probegasse,8,1878
zs_8cf56da3941d,Testplatz,11,2004
zs_68dc0f688ca4,Platzhaltersteig,11,1924
zs_fb2eaefe8cc7,Musterstrasse,8,1890
zs_7aae88d4929b,Musterstrasse,12,1899
zs_da29f62fcdf4,Platzhaltersteig,10,1943
zs_9697cc4eb75d,Musterstrasse,11,1980
zs_5f6bb17e1f1c,Testplatz,10,1922
zs_a01d786364de,Probegasse,12,1968
zs_301aaebb7ae6,Platzhaltersteig,12,1967
zs_57c1c3f7adb3,Platzhaltersteig,12,1896
zs_a548a2300cf6,Testplatz,8,1857
zs_1fbc6ad80852,Beispielweg,9,1960
zs_8466dc401e9f,Testplatz,2,1855
zs_5a66d9a3b60d,Musterstrasse,7,1891
zs_f75f0246d2a5,Musterstrasse,7,1896
zs_876044baeec0,Musterstrasse,3,1888
zs_44348da87513,Musterstrasse,8,2017
zs_018044087aa1,Musterstrasse,10,1940
zs_f17e00549d5e,Musterstrasse,1,1982
zs_e3a30d5877f4,Testplatz,6,1883
zs_774f626259d2,Musterstrasse,8,1947
zs_97022025ee22,Probegasse,7,1949
zs_28d2c4fa0f44,Probegasse,2,2010
zs_d032a9bd80ea,Platzhaltersteig,6,1914
zs_f605ee40f7e6,Testplatz,2,1852
zs_7b55f0e3aa0d,Testplatz,12,1921
zs_e6180599bb5e,Musterstrasse,4,1940
zs_1976c6bc4f8d,Platzhaltersteig,8,1888
zs_fe12adf59142,Testplatz,6,1969
zs_7429f343f47c,Beispielweg,9,1990
zs_a3a772b15b4a,Testplatz,9,1892
zs_33b2e5ea4b94,Platzhaltersteig,11,1891
zs_55504a2835ae,Beispielweg,5,1960
zs_fd034aea4e14,Beispielweg,5,1929
zs_07620b1cf5fb,Platzhaltersteig,10,2005
zs_23a0dcd1088a,Beispielweg,4,1908
zs_fcb4a5575fd8,Testplatz,8,1888
zs_8907adb9d73c,Probegasse,2,1978
zs_22c652994121,Musterstrasse,2,1863
zs_138340d3ae0e,Testplatz,9,1927
zs_9add2860f916,Testplatz,1,1971
zs_30aebdcdee3b,Beispielweg,12,1975
zs_12f6a74634ab,Probegasse,2,1932
zs_7a32f0739a9a,Beispielweg,11,1995
zs_e12d1298aa22,Testplatz,2,1955
zs_65d3fded95b7,Beispielweg,6,1950
zs_af28df23e577,Musterstrasse,10,1940
zs_26d36e96f88b,Musterstrasse,9,1850
zs_c76a3961202a,Musterstrasse,9,1976
zs_a68abd94ca90,Musterstrasse,8,1850
zs_61be273567b9,Musterstrasse,12,1894
